CountryName,CountryCode,SeriesName,SeriesCode,1960[YR1960],1961[YR1961],1962[YR1962],1963[YR1963],1964[YR1964],1965[YR1965],1966[YR1966],1967[YR1967],1968[YR1968],1969[YR1969],1970[YR1970],1971[YR1971],1972[YR1972],1973[YR1973],1974[YR1974],1975[YR1975],1976[YR1976],1977[YR1977],1978[YR1978],1979[YR1979],1980[YR1980],1981[YR1981],1982[YR1982],1983[YR1983],1984[YR1984],1985[YR1985],1986[YR1986],1987[YR1987],1988[YR1988],1989[YR1989],1990[YR1990],1991[YR1991],1992[YR1992],1993[YR1993],1994[YR1994],1995[YR1995],1996[YR1996],1997[YR1997],1998[YR1998],1999[YR1999],2000[YR2000],2001[YR2001],2002[YR2002],2003[YR2003],2004[YR2004],2005[YR2005],2006[YR2006],2007[YR2007],2008[YR2008],2009[YR2009],2010[YR2010],2011[YR2011],2012[YR2012],2013[YR2013],2014[YR2014],2015[YR2015],2016[YR2016],2017[YR2017],2018[YR2018],2019[YR2019]
India,IND,Adjusted net national income (annual % growth),NY.ADJ.NNTY.KD.ZG,..,..,..,..,..,..,..,..,..,..,..,1.300602026,1.346788423,4.129282183,-4.249594595,4.884242646,7.141934322,7.717416188,4.542731692,-2.986200274,9.065521303,3.485036612,1.028523732,8.044329798,3.108764494,4.083904914,4.653740903,5.004833683,7.730465052,6.094963505,5.909211408,1.652952224,5.122472089,4.964650974,6.556450176,6.727015891,7.126670168,4.585052135,8.076186786,6.178756921,2.818311715,5.048403149,4.543398377,7.671588479,8.56655069,8.769505007,8.393222262,8.180539789,2.343833175,9.440892047,10.57214424,4.999235888,6.125368194,5.72454801,6.991054566,8.816296268,7.570456273,5.13696452,..,..
India,IND,Adjusted net national income (current US$),NY.ADJ.NNTY.CD,..,..,..,..,..,..,..,..,..,..,57768337708,62192743372,65899420915,79063062131,91428026449,89222443929,92865128495,1.09E+11,1.24E+11,1.37E+11,1.69E+11,1.74E+11,1.78E+11,1.93E+11,1.87E+11,2.04E+11,2.20E+11,2.46E+11,2.61E+11,2.59E+11,2.81E+11,2.35E+11,2.51E+11,2.43E+11,2.86E+11,3.14E+11,3.43E+11,3.64E+11,3.72E+11,4.04E+11,4.08E+11,4.23E+11,4.49E+11,5.30E+11,6.19E+11,7.13E+11,8.15E+11,1.05E+12,1.02E+12,1.16E+12,1.45E+12,1.57E+12,1.58E+12,1.60E+12,1.77E+12,1.84E+12,1.99E+12,2.25E+12,..,..
India,IND,Agricultural raw materials imports (% of merchandise imports),TM.VAL.AGRI.ZS.UN,..,..,9.242249308,8.603457071,8.383790138,7.394065716,7.546464871,7.324467768,7.117123898,8.875219597,9.207277055,8.625123349,8.665130818,4.890866767,1.942384026,2.542802904,3.003358344,8.798452376,5.441364065,3.493392765,1.741334868,2.521702284,..,2.903893688,3.076247866,3.422505143,3.618060895,4.023251744,4.525851677,3.917145797,3.990510395,3.119578898,3.724381989,3.415865304,4.413485798,4.022419934,3.184360855,3.591948884,3.288471402,3.442591551,3.491979322,4.026226954,3.317816503,3.291205219,2.836810025,2.149814351,1.793607656,1.870574638,1.565038738,1.635343283,1.776209565,1.771862,1.827499091,1.788991089,1.896625912,2.005692719,2.166929344,1.990886193,1.858205476,..
India,IND,Agricultural raw materials exports (% of merchandise exports),TX.VAL.AGRI.ZS.UN,..,..,9.257298841,8.252923511,7.990264648,7.711348153,7.598749187,6.771777821,5.701651654,5.677221025,5.556493684,5.413517092,5.826782631,5.07891775,5.959476056,3.978774927,4.175673414,3.032555779,2.853656617,3.681184633,4.99806594,4.119368054,3.437193435,3.521329859,2.678959429,2.838065918,3.504372219,2.789864176,1.974008225,2.140529509,4.05073167,2.007675519,1.595791889,1.971955088,1.192329034,1.294169639,2.53330323,2.004066084,1.656051057,1.418164643,1.258907331,1.139473046,1.062797391,1.079833355,1.203886488,1.267858549,1.717894269,1.983005667,1.735424467,1.164823488,2.006039429,1.829675587,1.954673746,2.061501155,1.57458613,1.532101146,1.37944857,1.310121602,1.360103324,..
India,IND,"Agriculture, forestry, and fishing, value added (% of GDP)",NV.AGR.TOTL.ZS,41.31283906,40.38740161,38.3713352,39.31975131,41.18773833,38.95214348,40.02544761,42.76762174,41.63355064,41.35834331,39.9278062,38.0997785,38.01772227,41.1620452,38.19969328,35.26950135,33.44297129,34.94772597,33.16003828,31.28095945,33.05748473,31.71514239,30.57047008,31.32414522,30.14679253,28.63528435,27.4687606,26.88407028,27.98222891,26.91794315,26.89643825,27.33321814,26.66977197,26.88180084,26.38861888,24.45685527,25.41703075,24.34535709,24.37882105,22.98896098,21.60895747,21.62050461,19.5366997,19.58060679,17.81469065,17.62020695,16.80944209,16.75011976,16.79094236,16.74427016,17.02650901,17.19197043,16.84537707,17.14842354,16.79193451,16.17450811,16.24980967,15.61945495,14.60193402,..
India,IND,Arms exports (SIPRI trend indicator values),MS.MIL.XPRT.KD,..,..,..,..,..,..,..,..,1000000,..,..,7000000,2000000,21000000,24000000,31000000,..,..,27000000,22000000,..,..,2000000,..,..,..,..,0,1000000,0,3000000,0,3000000,9000000,2000000,2000000,0,0,0,0,21000000,2000000,0,4000000,27000000,19000000,33000000,23000000,15000000,27000000,5000000,3000000,..,14000000,36000000,42000000,37000000,56000000,46000000,..
India,IND,Arms imports (SIPRI trend indicator values),MS.MIL.MPRT.KD,544000000,1122000000,371000000,648000000,920000000,1049000000,994000000,1265000000,1655000000,1518000000,872000000,1864000000,1801000000,1324000000,1289000000,1102000000,1928000000,2385000000,1197000000,1193000000,1784000000,2141000000,2287000000,2661000000,2769000000,2980000000,4130000000,3835000000,3758000000,3577000000,2715000000,1878000000,1200000000,735000000,883000000,1479000000,862000000,1665000000,758000000,1216000000,995000000,1200000000,2031000000,2758000000,2225000000,1204000000,1488000000,2267000000,1845000000,1863000000,2909000000,3596000000,4395000000,5376000000,3334000000,3065000000,3021000000,2917000000,1539000000,..
India,IND,Bank capital to assets ratio (%),FB.BNK.CAPA.ZS,..,..,..,..,..,..,..,..,..,..,..,..,..,..,..,..,..,..,..,..,..,..,..,..,..,..,..,..,..,..,..,..,..,..,..,..,..,..,..,..,..,..,..,..,..,..,..,..,..,..,..,6.702257602,6.969712806,6.923103346,7.087947358,7.212821163,7.155576706,7.39,7.528543782,..
India,IND,Bank liquid reserves to bank assets ratio (%),FD.RES.LIQU.AS.ZS,..,..,..,..,..,..,..,..,..,..,..,..,..,..,..,..,..,..,..,..,..,..,..,..,..,..,..,..,..,..,..,..,..,..,..,..,..,..,..,..,..,..,..,..,..,..,..,..,..,..,..,..,..,..,..,..,..,..,..,..
India,IND,Broad money (% of GDP),FM.LBL.BMNY.GD.ZS,22.07192494,21.50187279,21.93070271,21.11628266,19.8063983,20.8286159,20.46046262,19.10576984,19.76184719,20.37480783,21.3730684,23.37055216,24.46631847,24.02073514,22.83545604,24.2610089,28.03063742,29.48112123,32.97581324,35.39489208,34.466552,34.45679403,36.10517587,36.23599945,38.1562583,39.52833976,41.66114612,42.63416644,42.50398944,42.81633591,42.18377309,43.41785553,44.14442931,44.88345888,46.02146548,43.54530888,44.68943655,47.4599823,48.90130685,51.06492596,54.64512918,57.73906777,62.61952452,63.1792536,64.63570806,65.5481219,68.06302179,72.28042392,77.37295611,79.07519635,77.67995244,78.83729063,76.91318852,78.18217173,77.89935376,78.01191058,74.69136738,74.12266627,73.66713424,..
India,IND,"Central government debt, total (% of GDP)",GC.DOD.TOTL.GD.ZS,..,..,..,..,..,..,..,..,..,..,..,..,..,..,..,..,..,..,..,..,..,..,..,..,..,..,..,..,..,..,50.78325379,50.01008036,49.68090136,51.75980829,49.5942827,47.4916413,45.7233077,50.36543613,50.31921817,51.35295144,55.0042465,59.0179098,62.5527713,62.1900539,62.59297674,62.2265261,59.66673028,57.49753639,57.29221428,55.25644611,51.5919103,51.55654015,50.67803056,50.31182736,..,..,..,..,..,..
India,IND,"Claims on central government, etc. (% GDP)",FS.AST.CGOV.GD.ZS,15.00006204,14.72533036,15.18662561,14.64131654,13.44842175,14.09378327,13.76697287,12.49959887,12.27454845,11.58573532,11.39805134,12.86587504,13.73133641,13.17165955,12.53289156,12.60249381,12.14914259,12.35664948,13.06674745,14.44307224,16.05107242,16.80479949,18.20389379,17.92934568,19.37890013,21.08185778,22.77388136,23.7641882,23.60998648,23.92569728,24.34236804,25.24682126,23.39950151,23.71089071,21.97002188,20.06034098,20.83325701,21.15814932,21.48861292,22.11802012,22.76208402,24.33461765,25.2193608,24.790494,22.14252799,19.08511443,17.65491748,16.22040558,19.48575177,23.15596442,22.83789485,24.81906098,25.25325286,25.46563202,23.97973397,23.69651445,25.27267613,23.20553608,21.96427648,..
India,IND,Claims on other sectors of the domestic economy (% of GDP),FS.AST.DOMO.GD.ZS,..,..,..,..,..,..,..,..,..,..,..,..,..,..,..,..,..,..,..,..,..,..,..,..,..,..,..,..,..,..,..,..,..,..,..,..,..,..,..,..,..,..,..,..,..,..,..,..,..,..,..,..,..,..,..,..,..,..,..,..
India,IND,Coal rents (% of GDP),NY.GDP.COAL.RT.ZS,..,..,..,..,..,..,..,..,..,..,..,0.214919817,0.234750421,0.246383667,0.469979656,1.175098641,1.218112352,1.065162138,0.834617246,0.755647143,0.921482053,1.440537313,1.559426473,0.977695077,0.87887344,0.876923465,0.674837149,0.414465806,0.524944123,0.690999208,0.763458459,0.965774468,0.829883037,0.603065006,0.56542253,0.853624127,0.761013344,0.646750745,0.513881273,0.356819634,0.488234502,0.845222418,0.585104569,0.621515922,1.409852134,1.121121638,1.096460374,1.156314568,2.785205907,1.301623244,1.502950588,1.948726598,1.398757452,1.125027003,0.92744406,0.761820732,0.816468092,0.969900795,..,..
India,IND,Commercial service exports (current US$),TX.VAL.SERV.CD.WT,..,..,..,..,..,..,..,..,..,..,..,..,..,..,..,719431435.7,954399067.1,1234259451,1496041252,1989156895,2861008079,2635210103,2828422272,3166884008,3127603094,3274386967,3135796919,3265849102,3718831247,4092077281,4609502443,4905450698,4893301119,5034394495,6031261039,6763272430,7179007360,8925527196,11066917256,14005992418,16031394226,16799112202,19125314435,23632701560,37747867269,51850802483,69165839663,86235067783,1.06E+11,92484320177,1.17E+11,1.38E+11,1.45E+11,1.49E+11,1.57E+11,1.56E+11,1.61E+11,1.85E+11,2.04E+11,..
India,IND,Commercial service imports (current US$),TM.VAL.SERV.CD.WT,..,..,..,..,..,..,..,..,..,..,..,..,..,..,..,1011288821,1088254783,1234808904,1490190463,2010383972,2914594803,3178450157,3398551291,3622400851,3550012166,3815194909,3827926653,4515961320,5167884705,5738469741,5942595183,5796636459,6614564439,6356161518,8030392452,10062141167,11000427519,12277011575,14191837256,17044738890,18897585609,19791960830,20776267074,24678773632,35092846077,46699475817,58040553581,69757132293,55061627135,52308542315,78210856251,76915514527,79215876738,77654804413,80160943501,81766553453,95239156494,1.09E+11,1.23E+11,..
India,IND,Current account balance (% of GDP),BN.CAB.XOKA.GD.ZS,..,..,..,..,..,..,..,..,..,..,..,..,..,..,..,-0.149804626,1.537101815,1.744416029,0.504279978,0.03290178,-0.958069194,-1.394554633,-1.257276246,-0.887437672,-1.089314216,-1.780805001,-1.834520559,-1.853242437,-2.408461745,-2.301281981,-2.191935869,-1.588911312,-1.556243036,-0.67161797,-0.51219266,-1.544131627,-1.515954247,-0.713014,-1.63832471,-0.703548206,-0.982343806,0.290494936,1.370941111,1.443561063,0.110018664,-1.253507315,-0.988988303,-0.663718193,-2.583376538,-1.951464148,-3.253484046,-3.429287366,-5.004888982,-2.645666243,-1.33950833,-1.067549349,-0.528886573,-1.439071053,-2.4128687,..
India,IND,Current health expenditure (% of GDP),SH.XPD.CHEX.GD.ZS,..,..,..,..,..,..,..,..,..,..,..,..,..,..,..,..,..,..,..,..,..,..,..,..,..,..,..,..,..,..,..,..,..,..,..,..,..,..,..,..,4.03493293,4.26278075,4.24016746,4.00848052,3.95739183,3.79116251,3.634778,3.51754201,3.51468067,3.48537865,3.27211934,3.24634215,3.32935296,3.74944184,3.61956552,3.59770551,3.65833057,..,..,..
India,IND,Domestic credit provided by financial sector (% of GDP),FS.AST.DOMS.GD.ZS,22.84319467,23.24150651,24.16710642,23.74877055,21.98521366,23.36387489,23.28238059,21.61632757,22.09519188,22.03308542,22.85033528,25.69849952,26.88231067,26.5540393,25.87388847,28.08156999,30.72695254,31.15355236,33.68600533,36.499174,37.67542965,39.0952856,42.43762943,42.32702898,45.60625214,47.49609209,50.3502608,50.95404647,50.66529928,52.26663475,50.8492696,50.54461633,49.48281222,48.72844722,46.79231967,43.60947666,45.12436825,45.58629246,45.99109739,48.33844339,52.0846503,53.79597927,57.95691946,56.65915628,58.59358921,59.34584435,61.44830927,61.90782519,69.09645273,71.3772998,73.41482494,76.14589006,77.17947471,77.91684772,75.90817003,75.6110619,74.50301764,72.07672984,..,..
India,IND,Domestic credit to private sector (% of GDP),FS.AST.PRVT.GD.ZS,7.843132628,8.516176155,8.980480807,9.107454011,8.536791909,9.270091622,9.515407718,9.116728704,9.820643428,10.40012864,11.2365497,12.49343793,12.92235768,13.09386383,12.91379979,14.93373333,17.8877017,18.04178519,19.6954207,20.95673624,20.54345895,21.22546245,22.68789892,22.89266876,24.28257464,24.56366516,25.8010011,25.38235951,25.27511744,26.58981401,24.91645657,23.82174445,24.69824025,23.83205539,23.6473414,22.5107747,23.40244204,23.55532535,23.67774686,25.42286221,28.33955116,28.61941543,32.30648907,31.62626562,36.19180385,40.06798048,43.62775243,45.62776475,49.55936669,48.12444791,50.55537498,51.2892197,51.88850765,52.38570952,51.88218736,51.86752408,49.19481968,48.77985713,50.04557437,..
India,IND,Domestic credit to private sector by banks (% of GDP),FD.AST.PRVT.GD.ZS,7.843132628,8.516176155,8.980480807,9.107454011,8.536791909,9.270091622,9.515407718,9.116728704,9.820643428,10.40012864,11.2365497,12.49343793,12.92235768,13.09386383,12.91379979,14.93373333,17.8877017,18.04178519,19.6954207,20.95673624,20.54345895,21.22546245,22.68789892,22.89266876,24.28257464,24.56366516,25.8010011,25.38235951,25.27511744,26.58981401,24.91645657,23.82174445,24.69824025,23.83205539,23.6473414,22.5107747,23.40244204,23.55532535,23.67774686,25.42286221,28.33955116,28.61941543,32.30648907,31.62626562,36.19180385,40.06798048,43.62775243,45.62776475,49.55936669,48.12444791,50.55537498,51.2892197,51.88850765,52.38570952,51.88218736,51.86752408,49.19481968,48.77985713,50.04557437,..
India,IND,Domestic general government health expenditure (% of GDP),SH.XPD.GHED.GD.ZS,..,..,..,..,..,..,..,..,..,..,..,..,..,..,..,..,..,..,..,..,..,..,..,..,..,..,..,..,..,..,..,..,..,..,..,..,..,..,..,..,0.8344299,0.80468139,0.77020202,0.75024338,0.71163452,0.76303693,0.74535338,0.73512709,0.79527895,0.89261258,0.85750189,0.93731915,0.93186863,0.86504196,0.8565355,0.92245631,0.93019386,..,..,..
India,IND,Expense (% of GDP),GC.XPN.TOTL.GD.ZS,..,..,..,..,..,..,..,..,..,..,..,..,..,..,8.732911915,10.11237211,10.62936619,10.5053165,11.2699439,12.31444775,11.70247812,11.37603387,11.95987282,12.0777927,13.14295969,14.37894512,15.33863824,15.76721892,15.5195025,15.97153364,15.48421708,15.33897953,15.11647596,15.14510813,14.60328653,14.24572561,14.08071054,14.5974823,14.40763023,14.80403806,15.4104026,15.54562552,16.05294821,15.57759372,15.133483,15.17398359,15.18947956,15.25786002,17.22767043,16.85189271,16.50513595,14.48983561,16.1667124,16.63868255,14.80313764,15.12569036,15.47767585,14.86259306,..,..
India,IND,Exports of goods and services (% of GDP),NE.EXP.GNFS.ZS,4.463156456,4.30358619,4.168975283,4.280503385,3.725551173,3.307472781,4.14255066,4.034444995,4.038771006,3.713842821,3.782825062,3.667205217,4.027489262,4.208763192,4.831321003,5.647062158,6.686512862,6.383171814,6.314825235,6.749638157,6.139551132,5.936026627,5.983299849,5.837629424,6.283401393,5.254554996,5.19622166,5.604580884,6.035219755,7.016130278,7.053350234,8.494240771,8.842926925,9.834217455,9.888084916,10.84396803,10.38516927,10.69071732,11.01846918,11.45206461,12.99723631,12.55837963,14.26438392,14.94791386,17.85912496,19.60524669,21.26794142,20.79969975,24.09735726,20.40051937,22.40093325,24.54040489,24.53443066,25.4308613,22.96796301,19.81318916,19.19475337,18.78061226,19.73801867,..
India,IND,External balance on goods and services (% of GDP),NE.RSB.GNFS.ZS,-2.370520201,-1.653990215,-1.862839613,-1.626331073,-1.959446575,-1.904088808,-2.529136192,-1.912172677,-0.904202464,-0.317091002,-0.096119214,-0.335196124,0.318578926,-0.514569634,-1.189248247,-0.999853898,0.571822651,0.11824249,-0.273361373,-1.419528217,-3.105474584,-2.635211508,-2.159328052,-2.015335038,-1.442573158,-2.390926202,-1.826828579,-1.375652268,-1.420010606,-1.135871535,-1.399561042,0.00075499,-0.747245192,0.016895123,-0.301974544,-1.179512636,-1.159149328,-1.23795223,-1.66253172,-1.911468819,-0.906450288,-0.876495486,-0.979895086,-0.696608417,-1.785564133,-2.791176225,-3.188597655,-4.086869182,-5.173505919,-5.471830894,-4.45334,-6.54305566,-6.724860406,-2.982409346,-2.986259731,-2.296535553,-1.769382182,-3.20545593,-3.901615737,..
India,IND,Final consumption expenditure (% of GDP),NE.CON.TOTL.ZS,93.95741481,93.13969052,92.30043163,90.40971528,90.50556516,91.33524644,93.42769285,94.53099243,90.04327728,88.76564227,88.63191206,89.95340697,89.60715444,87.91394012,90.23853547,87.22225881,84.78926024,85.44603858,85.98832941,85.69154825,87.49802066,85.76860601,85.3194407,85.63585065,84.96052579,83.90910831,84.70937628,83.3786162,81.72388692,79.73515283,78.36062549,78.09680015,76.65938514,76.45422202,75.27665338,74.2407284,74.88610785,74.94055852,75.71862376,76.18497615,75.68681661,75.90830732,74.34374182,72.37996752,68.75625029,67.74487013,65.91241587,65.6226268,67.21529714,67.41955589,65.73246563,67.29165678,67.14481002,67.94092623,68.56857391,69.43557179,69.64465588,70.01304813,70.61824541,..
India,IND,"Foreign direct investment, net inflows (% of GDP)",BX.KLT.DINV.WD.GD.ZS,..,..,..,..,..,..,..,..,..,..,..,..,..,..,..,-0.010486395,-0.007502573,-0.029682109,0.0131755,0.03174683,0.042484827,0.047506181,0.03591159,0.002584047,0.009068703,0.045627777,0.047283784,0.076091199,0.030766482,0.085156734,0.073740021,0.02722554,0.095941829,0.197056163,0.297385909,0.594986258,0.617479056,0.860208566,0.625285966,0.472644846,0.765212649,1.056378305,1.011571805,0.605889255,0.765601405,0.88610072,2.130168425,2.073395746,3.620521897,2.651593127,1.635034274,2.002065027,1.312934337,1.516275965,1.695658786,2.092115758,1.941056102,1.506879027,1.549157738,..
India,IND,Forest rents (% of GDP),NY.GDP.FRST.RT.ZS,..,..,..,..,..,..,..,..,..,..,0.41038828,0.341184252,0.331166612,0.47556448,0.490193258,1.069998407,0.677648086,1.820568937,1.622494422,0.674873143,0.665794705,0.571438405,0.833409232,0.53730798,0.466938318,0.313523077,0.534901127,0.444358622,0.442858994,0.443066185,0.537543407,0.624372377,0.610940245,0.620998532,0.450052912,0.490022926,0.418631931,0.378757632,0.362937103,0.385378978,0.339616057,0.328525284,0.371628945,0.339115926,0.242766414,0.20879688,0.282106863,0.300768637,0.299029708,0.259805733,0.375574956,0.352059946,0.307164569,0.275430229,0.262767603,0.301783758,0.332683994,0.293040538,..,..
India,IND,General government final consumption expenditure (% of GDP),NE.CON.GOVT.ZS,6.573491989,6.894665731,7.779581989,8.705040986,8.042522933,8.787682235,8.506790168,8.121171791,8.398192366,8.549685001,8.947244134,9.673793144,9.334214959,8.407361533,8.640640884,9.487656216,9.779753316,9.209771941,9.439608621,9.894732025,9.651880609,9.626165893,10.17257278,10.09112099,10.35591089,10.93019263,11.55025711,11.92901342,11.60436023,11.5637623,11.2854919,11.07872625,10.91504648,11.00266504,10.43581347,10.54026752,10.33088968,11.0287262,11.90988981,12.17548961,11.94783547,11.76144989,11.31409507,10.87620991,10.40470235,10.3661402,9.802470468,9.862115728,10.53848116,11.45966742,11.00760787,11.08445721,10.68385623,10.29516014,10.44085681,10.42829071,10.30642034,11.0302012,11.22881099,..
India,IND,"Government expenditure on education, total (% of GDP)",SE.XPD.TOTL.GD.ZS,..,..,..,..,..,..,..,..,..,..,..,..,..,..,..,..,..,..,..,..,..,..,..,..,..,..,..,..,..,..,..,..,..,..,..,..,..,3.361360073,3.572560072,4.415390015,4.32479,..,..,3.61341,3.35254,3.18875,3.14285,..,..,3.27825,3.37769,3.79618,3.8675,3.84467,..,..,..,..,..,..
India,IND,Gross capital formation (% of GDP),NE.GDI.TOTL.ZS,15.69046595,14.784986,16.43267869,15.70913402,15.90181051,17.85048507,18.34123339,15.7083103,14.37692409,16.08781009,16.65314139,17.60451137,16.13595392,19.05803693,19.2437066,18.95751875,19.1531791,19.61373131,23.24717703,22.43090117,21.07764677,20.83003515,20.98186221,20.04817121,21.0303611,22.65401294,22.07951482,24.04959059,25.11721665,26.07184448,28.62491682,23.97167165,25.33209814,24.39922099,27.19160601,27.79144209,26.04156625,28.1188399,26.61656669,29.28629269,26.67918328,26.65839797,27.21512053,29.50377002,36.08697529,38.07579251,38.89730246,41.93082687,37.85054999,40.11223583,40.2202988,39.59041148,38.34741567,34.02320208,34.26780562,32.11673014,30.21201677,30.94125424,31.30778602,..
India,IND,Gross domestic savings (% of GDP),NY.GDS.TOTL.ZS,6.042585186,6.860309484,7.699568372,9.590284724,9.494434838,8.664753559,6.572307146,5.469007569,9.956722724,11.23435773,11.36808794,10.04659303,10.39284556,12.08605988,9.761464526,12.77774119,15.21073976,14.55396142,14.01167059,14.30845175,12.50197934,14.23139399,14.6805593,14.36414935,15.03947421,16.09089169,15.29062372,16.6213838,18.27611308,20.26484717,21.63937451,21.90319985,23.34061486,23.54577798,24.72334662,25.7592716,25.11389215,25.05944148,24.28137624,23.81502385,24.31318339,24.09169268,25.65625818,27.62003248,31.24374971,32.25512987,34.08758413,34.3773732,32.78470286,32.58044411,34.26753437,32.70834322,32.85518998,32.05907377,31.43142609,30.56442821,30.35534412,29.98695187,29.38175459,..
India,IND,Gross fixed capital formation (% of GDP),NE.GDI.FTOT.ZS,14.45590665,15.75595724,15.96638888,16.34441522,16.28628808,17.1201176,16.73215383,16.06880339,16.20858693,16.12370467,15.53615888,16.58570045,17.05243317,15.90728514,16.60442799,17.71471084,18.48894783,18.79019263,19.39253624,20.35431402,19.67624017,19.86725387,21.01451313,20.56906776,20.85042847,21.80329777,22.90091499,24.44362326,23.57197889,24.57681356,26.08217017,24.58433379,25.08949989,23.66775629,23.35888821,25.1369225,24.52478712,25.35005215,25.45876778,27.53509242,26.02178484,29.93230964,28.33252481,28.33482571,30.70814142,32.75533704,33.58489158,35.81287812,34.71795935,33.95162693,33.23001466,34.31340766,33.43693433,31.29580503,30.08023705,28.73314413,28.21836502,28.64470325,29.30010415,..
India,IND,Gross national expenditure (% of GDP),NE.DAB.TOTL.ZS,109.6478808,107.9246765,108.7331103,106.1188493,106.4073757,109.1857315,111.7689262,110.2393027,104.4202014,104.8534524,105.2850535,107.5579183,105.7431084,106.971977,109.4822421,106.1797776,103.9424393,105.0597699,109.2355064,108.1224494,108.5756674,106.5986412,106.3013029,105.6840219,105.9908869,106.5631212,106.7888911,107.4282068,106.8411036,105.8069973,106.9855423,102.0684718,101.9914833,100.853443,102.4682594,102.0321705,100.9276741,103.0593984,102.3351904,105.4712688,102.3659999,102.5667053,101.5588624,101.8837375,104.8432256,105.8206626,104.8097183,107.5534537,105.0658471,107.5317917,105.9527644,106.8820683,105.4922257,101.9641283,102.8363795,101.5523019,99.85667264,100.9543024,101.9260314,..
India,IND,Gross savings (% of GDP),NY.GNS.ICTR.ZS,..,..,..,..,..,..,..,..,..,..,..,..,..,..,..,13.098093,15.96559807,15.40497534,15.05825672,15.76898748,14.52575614,15.80788026,15.80598839,15.35474869,15.79556328,16.79830961,15.78850603,16.9825251,18.15681125,20.14443853,21.21356324,21.7599661,23.24679983,24.08307671,25.95100089,26.96739082,27.04793366,27.55043249,25.88950372,25.63753651,26.11902732,26.25987903,28.11148558,30.47096654,33.33257124,34.4180229,36.36053211,37.01139151,36.25408113,35.61743864,36.30587538,35.1318193,35.26129179,34.30465633,33.46602422,32.4539249,31.68812557,31.18570741,30.94069772,..
India,IND,Imports of goods and services (% of GDP),NE.IMP.GNFS.ZS,6.833676657,5.957576405,6.031814896,5.906834458,5.684997747,5.211561589,6.671686852,5.946617673,4.94297347,4.030933823,3.878944276,4.002401341,3.708910336,4.723332826,6.02056925,6.646916056,6.114690211,6.264929324,6.588186608,8.169166374,9.245025716,8.571238135,8.142627901,7.852964462,7.725974551,7.645481198,7.023050239,6.980233152,7.455230361,8.152001813,8.452911276,8.493485781,9.590172117,9.817322332,10.19005946,12.02348067,11.5443186,11.92866955,12.6810009,13.36353343,13.9036866,13.43487512,15.24427901,15.64452227,19.6446891,22.39642292,24.45653908,24.88656893,29.27086318,25.87235027,26.85427325,31.08346055,31.25929107,28.41327065,25.95422274,22.10972471,20.96413555,21.98606819,23.63963441,..
India,IND,"Industry (including construction), value added (% of GDP)",NV.IND.TOTL.ZS,20.83434345,21.43484397,22.05260014,21.87947583,20.95528854,21.65510507,21.38661717,20.08944288,20.62711566,21.41748463,21.72930929,22.39200791,22.40800259,21.34823029,22.6756934,23.20125208,24.48052342,24.40026254,25.32441962,25.99220623,25.33624589,26.10291921,26.14980479,26.29884329,26.73913865,26.62907122,26.73083582,26.69923652,26.71158382,27.55099348,27.4536955,26.44172018,26.79274327,26.78155428,27.62820125,28.59980942,27.91227037,27.83703076,27.30303785,26.51929335,27.32582838,26.48777734,27.66065416,27.47410712,29.21910631,29.53376419,30.92723994,30.90323825,31.13671924,31.12137211,30.72507823,30.16167771,29.3985277,28.40489956,27.6564012,27.34739148,26.64216803,26.49817453,26.74639099,..
India,IND,"Inflation, GDP deflator (annual %)",NY.GDP.DEFL.KD.ZG,..,2.14542765,4.40561673,8.353623886,8.551676966,8.300369406,13.27070656,8.616204711,2.415383587,3.34336434,1.562243485,5.32484105,10.8396027,17.82971565,16.66751573,-1.64868155,5.981859342,5.637229339,2.460282317,15.72804321,11.50832081,10.82758198,8.095863097,8.552859607,7.923232845,7.193785446,6.789400453,9.327893305,8.232515365,8.436808873,10.66830385,13.75181894,8.96515236,9.861782853,9.980044775,9.06270222,7.575018288,6.476271263,8.010167523,3.068395521,3.644970161,3.215616017,3.715683777,3.867798086,5.725413227,5.621903263,8.400938217,6.944418254,9.193969626,7.040365435,10.52603086,8.7335779,7.934388476,6.186504001,3.331756917,2.279588108,3.124227441,3.835504789,4.111608823,..
India,IND,"International tourism, receipts (% of total exports)",ST.INT.RCPT.XP.ZS,..,..,..,..,..,..,..,..,..,..,..,..,..,..,..,..,..,..,..,..,..,..,..,..,..,..,..,..,..,..,..,..,..,..,..,6.792369659,6.908977451,6.449070515,6.443529373,5.857596226,6.003500853,5.379024674,4.672944645,5.377673633,5.436142963,4.954650885,4.611618852,4.679233818,4.084303583,4.269166707,4.163369926,3.967064457,4.132071451,4.066427631,4.274449067,5.009438153,5.369238372,5.696352265,..,..
India,IND,"Manufacturing, value added (% of GDP)",NV.IND.MANF.ZS,14.75011809,15.35383648,15.86329813,15.75238835,14.85073996,15.01090777,14.50399297,13.23186125,13.52278801,14.14647158,14.45654509,14.98228674,15.10254938,15.01528531,16.34591338,15.83848666,16.26588883,16.08086893,17.09644052,17.85203449,16.7523758,16.77044375,16.36999594,16.66445469,16.7078036,16.41801286,16.22158381,16.20954935,16.10153485,16.9028459,16.59759644,15.67626016,15.80079982,15.91571211,16.76413813,17.8658506,17.5963408,16.51857853,15.71931602,15.18053671,15.92702302,15.30702128,15.55870173,15.58738665,15.82724574,15.97301704,17.30365333,16.86456778,17.09867415,17.14357767,17.02993425,16.13933813,15.81692301,15.25302269,15.06557011,15.58385459,15.19990151,14.87036402,14.82479713,..
India,IND,Market capitalization of listed domestic companies (% of GDP),CM.MKT.LCAP.GD.ZS,..,..,..,..,..,..,..,..,..,..,..,..,..,..,..,..,..,..,..,..,..,..,..,..,..,..,..,..,..,..,..,..,..,..,..,..,..,..,..,..,..,..,..,45.92614089,54.69251531,67.41664404,87.09066395,149.5066592,53.98341437,97.36443059,97.38688262,55.24712301,69.1239511,61.33572746,76.41992622,72.07765229,68.40108924,87.90924606,76.6343495,..
India,IND,Merchandise trade (% of GDP),TG.VAL.TOTL.GD.ZS,9.816395893,9.359602397,8.929951781,8.473434566,8.110794057,7.598037192,11.76048329,8.748389461,8.158543482,6.924104067,6.648245627,6.622026092,6.536231799,7.165971679,9.10516768,10.90250342,10.91735744,10.72128329,10.58701292,11.52546532,12.58551272,12.25537508,12.02898763,10.63353718,11.65309473,10.78138469,9.968432198,10.02495814,10.90262976,12.30263149,12.94445948,14.13337468,14.9915809,15.88278971,15.84750058,18.13496333,18.08285382,18.38084326,18.13616519,18.01271192,20.04761207,19.31295403,20.53975634,21.6424477,24.87828661,29.55770843,31.92925739,31.19240116,43.02793402,31.45653285,34.41028425,42.09247302,43.03489316,42.02271255,38.52647864,31.38970456,27.30279613,28.19115896,30.75797574,..
India,IND,Military expenditure (% of GDP),MS.MIL.XPND.GD.ZS,2.004012346,2.074359721,2.745400433,4.025306026,3.81923698,3.871414914,3.572370646,3.223923721,3.245568585,3.140814558,3.18518304,3.652453524,3.717947461,3.158643767,3.202826324,3.534598781,3.477883143,3.162771937,3.126331702,3.261328658,3.13378133,3.186248122,3.345117666,3.32306866,3.416875594,3.569030278,4.106468681,4.231317527,3.728671783,3.534179728,3.14621461,2.909974328,2.704839706,2.823542246,2.664673727,2.578483572,2.472768225,2.647732426,2.727311417,2.957195647,2.948929906,2.924435546,2.82686683,2.677776932,2.828752248,2.754907666,2.52680863,2.342633883,2.550194847,2.89349597,2.707464042,2.651496681,2.537346604,2.472726714,2.496769881,2.40512747,2.506470751,2.509624558,2.419034342,..
India,IND,Mineral rents (% of GDP),NY.GDP.MINR.RT.ZS,..,..,..,..,..,..,..,..,..,..,0.23081778,0.237748939,0.221188285,0.189217266,0.237879659,0.331052167,0.473820805,0.407787933,0.261526908,0.290997495,0.295998529,0.290606736,0.349396263,0.253943567,0.255061076,0.250861591,0.240567859,0.191678037,0.254479681,0.321727275,0.304690796,0.366540191,0.306518852,0.261141268,0.193926765,0.192495357,0.208393819,0.209180243,0.347061882,0.25941499,0.299738286,0.329515813,0.326640924,0.347108276,0.45680397,0.994745274,1.19977958,1.984431635,2.579858294,1.123306722,1.681474858,1.471776854,0.807672916,0.946127441,0.596087229,0.336320004,0.412064508,0.513986707,..,..
India,IND,Natural gas rents (% of GDP),NY.GDP.NGAS.RT.ZS,..,..,..,..,..,..,..,..,..,..,0,0,4.22E-05,0.000347178,0.001378004,0.004563701,0.007322665,0.007625388,0.004177494,0.006454313,0.009051508,0.002656567,0,0.003838883,0.00259873,0.001408956,0.006115943,0.005678019,0.007406742,0.006985321,0.020555944,0.023398581,0.018896333,0.022643832,0.023613281,0.030486755,0.052659694,0.0474014,0.043076955,0.055477232,0.086328654,0.082011683,0.12581301,0.112399243,0.107194508,0.143707487,0.170933056,0.097276642,0.091729191,0.142414801,0.121195868,0.197094217,0.16868894,0.108332376,0.102509616,0.080009897,0.041435701,0.043693386,..,..
India,IND,Net acquisition of financial assets (% of GDP),GC.AST.TOTL.GD.ZS,..,..,..,..,..,..,..,..,..,..,..,..,..,..,2.88745443,3.902011986,4.144352735,3.830864409,4.400408083,4.189793374,5.023021842,4.552149904,4.767804619,4.645134,4.969700218,5.548720104,5.620576098,4.626591054,4.402801461,4.588693948,4.230274358,3.165068809,2.86549088,3.121602334,2.999503511,2.920662407,2.743372652,2.069703407,1.885857719,2.014071013,1.550923965,1.632614836,0.400142215,-0.553440759,1.864243946,1.038978656,0.143631795,1.785079251,-0.348702732,0.69533731,0.935192362,0.771376451,0.714299139,1.138467565,0.603755019,0.943974663,0.785164491,0.800380003,..,..
India,IND,"Net incurrence of liabilities, total (% of GDP)",GC.LBL.TOTL.GD.ZS,..,..,..,..,..,..,..,..,..,..,..,..,..,..,3.046188836,4.315097164,3.501732994,5.970765081,2.274757144,5.262937283,6.147030926,4.781927846,7.499952262,4.371446526,6.951553062,7.820152714,8.730519316,7.659492548,7.607316129,7.334409469,7.616611499,5.414485824,5.172124332,7.026316463,5.403427194,5.101350677,4.762061892,4.859981727,5.188746547,5.295128238,5.361220952,5.980668231,5.061795003,2.876602791,5.120401889,4.27044814,2.407659996,2.264189664,4.623883821,6.208871479,4.415760453,5.666337505,4.883541433,4.677696079,3.851188348,3.719781887,3.086363014,2.686594739,..,..
India,IND,Net investment in nonfinancial assets (% of GDP),GC.NFN.TOTL.GD.ZS,..,..,..,..,..,..,..,..,..,..,..,..,..,..,0.905793951,0.726419675,0.592517185,0.420097302,0.451756296,0.426505912,0.423628348,0.489073957,0.516934753,0.523382865,0.634446689,0.59114183,0.777721383,0.514556955,0.532183736,0.470728842,0.429779628,-0.061607179,0.129270265,0.348176527,-0.206020016,0.193433437,0.261539878,0.218793335,-0.058680909,0.235985047,0.141362691,-0.081848861,0.277780699,-0.217114935,0.286002846,0.47580966,0.450803115,-0.283587637,0.555316536,0.131267143,0.194040921,0.246556592,0.22666905,0.049005113,..,..,..,..,..,..
India,IND,Net lending (+) / net borrowing (-) (% of GDP),GC.NLD.TOTL.GD.ZS,..,..,..,..,..,..,..,..,..,..,..,..,..,..,-0.085666187,0.150212792,0.128523948,0.184573643,-0.107391968,-0.907235536,-1.003652395,-0.501807243,-0.786527352,-1.277800611,-2.001282774,-2.272486964,-2.921480848,-3.0782223,-3.064074059,-2.745715522,-3.386337141,-2.249417015,-2.306633452,-3.90437166,-2.403923682,-2.18068827,-2.01868924,-2.79027832,-3.302888828,-3.281057226,-3.810296987,-4.348053395,-4.661652788,-3.43004355,-3.256157942,-3.231469483,-2.2640282,-0.479110413,-4.972586553,-5.513534169,-3.48058119,-3.206494809,-3.764476133,-4.065733042,-3.247437179,-2.77580962,-2.3013112,-1.886217661,..,..
India,IND,Oil rents (% of GDP),NY.GDP.PETR.RT.ZS,..,..,..,..,..,..,..,..,..,..,0.046068786,0.056691146,0.046520842,0.05622238,0.181398286,0.40399674,0.539437878,0.644963084,0.642222697,1.530869308,1.026286381,1.604685298,1.36607332,1.704591434,1.776986317,2.06824801,0.972434472,1.117390932,0.815583304,1.432511355,1.7842735,1.239849823,0.96378928,1.010588645,0.843456269,0.934308618,1.00438024,0.909160787,0.491746528,0.720122534,1.208719693,0.881900534,0.890021045,0.918141228,1.070270904,1.331758755,1.381831113,1.173877405,1.595445488,0.676701629,0.801684475,1.330552556,1.296459155,1.154449776,0.925546227,0.354210252,0.2350212,0.322350871,..,..
India,IND,"Personal remittances, received (% of GDP)",BX.TRF.PWKR.DT.GD.ZS,..,..,..,..,..,..,..,..,..,..,..,..,..,..,..,0.436550715,0.625351969,0.769146833,0.848342482,0.939279052,1.479656772,1.189419748,1.30417233,1.218754621,1.081622166,1.061971221,0.89961007,0.955230646,0.780641286,0.882929229,0.742646651,1.21771356,1.005322965,1.261309792,1.789529873,1.727257287,2.231040806,2.484194782,2.249737062,2.424539193,2.750556194,2.940216906,3.055850966,3.455516813,2.64406915,2.696926601,3.013384131,3.05873849,4.168609649,3.666771239,3.191660935,3.428269194,3.765544552,3.768488566,3.451900122,3.275817292,2.739411693,2.600334102,2.898048216,..
India,IND,"Revenue, excluding grants (% of GDP)",GC.REV.XGRT.GD.ZS,..,..,..,..,..,..,..,..,..,..,..,..,..,..,9.422020804,10.65689349,11.05523791,10.80044207,11.37733587,11.5213248,10.82598223,11.14104685,11.48433424,11.17853385,11.58777224,12.5271459,13.05792945,13.06759116,12.84787028,13.54369186,12.42594274,12.88496024,12.8183817,11.47555585,11.89232782,12.16407659,12.23824527,11.96011988,10.99037005,11.7032891,11.70342888,11.04005086,11.59413471,11.85312184,12.08292197,12.33509425,13.31678983,14.43959578,12.7597308,11.42028859,13.18359654,11.495993,12.59987278,12.60899341,11.55062064,12.41520954,13.23066611,12.86156408,..,..
India,IND,"Stocks traded, total value (% of GDP)",CM.MKT.TRAD.GD.ZS,..,..,..,..,..,..,..,..,..,..,..,..,..,..,..,..,..,..,..,..,..,..,..,..,..,..,..,..,..,..,..,..,..,..,..,..,..,..,..,..,..,..,..,44.76445119,55.3860273,56.54195591,69.31948685,93.97142641,77.19226793,81.27035457,64.51697398,35.40468426,33.70874197,28.96380367,35.83414422,36.69910545,35.00976993,44.71728509,46.32669554,..
India,IND,Tax revenue (% of GDP),GC.TAX.TOTL.GD.ZS,..,..,..,..,..,..,..,..,..,..,..,..,..,..,8.181120886,9.024502908,9.181837991,8.597094206,9.302274531,9.689048923,9.026071739,9.213690315,9.269121352,9.268497406,9.306539865,10.07541854,10.42730886,10.40830997,10.35673801,10.46834451,9.993591396,10.17092242,9.805228442,8.53523362,8.981772016,9.226824691,9.231468691,9.008577732,8.113143511,8.638300028,8.810143496,8.079454445,8.676273931,9.108084322,9.570817081,10.08093153,11.12933705,12.10834699,10.97717215,9.809725406,10.38803979,10.17738453,10.83677172,11.00162569,9.984654191,10.56970905,11.08709284,11.18207933,..,..
India,IND,Total natural resources rents (% of GDP),NY.GDP.TOTL.RT.ZS,..,..,..,..,..,..,..,..,..,..,0.687274846,0.850544153,0.833668323,0.967734972,1.380828862,2.984709656,2.916341787,3.946107479,3.365038768,3.258841403,2.918613175,3.909924319,4.108305289,3.47737694,3.380457882,3.510965098,2.428856549,2.173571417,2.045272844,2.895289345,3.410522107,3.21993544,2.730027748,2.518437284,2.076471757,2.500937784,2.445079028,2.191250807,1.758703742,1.777213369,2.422637191,2.467175732,2.299208493,2.338280594,3.28688793,3.800130034,4.131110985,4.712668886,7.351268587,3.503852129,4.482880744,5.300210171,3.978743032,3.609366826,2.814354736,1.834144643,1.837673495,2.142972297,..,..
India,IND,Trade (% of GDP),NE.TRD.GNFS.ZS,11.29683311,10.26116259,10.20079018,10.18733784,9.41054892,8.51903437,10.81423751,9.981062668,8.981744476,7.744776644,7.661769338,7.669606558,7.736399597,8.932096019,10.85189025,12.29397821,12.80120307,12.64810114,12.90301184,14.91880453,15.38457685,14.50726476,14.12592775,13.69059389,14.00937594,12.90003619,12.2192719,12.58481404,13.49045012,15.16813209,15.50626151,16.98772655,18.43309904,19.65153979,20.07814438,22.86744871,21.92948787,22.61938687,23.69947008,24.81559804,26.90092291,25.99325475,29.50866294,30.59243613,37.50381406,42.00166962,45.7244805,45.68626868,53.36822044,46.27286964,49.2552065,55.62386544,55.79372173,53.84413195,48.92218575,41.92291387,40.15888891,40.76668046,43.37765309,..
India,IND,Trade in services (% of GDP),BG.GSR.NFSV.GD.ZS,..,..,..,..,..,..,..,..,..,..,..,..,..,..,..,1.924436148,2.138079616,2.142349096,2.303009294,2.746973962,3.194684741,3.124850906,3.190657066,3.204924141,3.239813725,3.134077808,2.881107102,2.864378097,3.072495583,3.382438858,3.338041007,4.024555452,4.048871712,4.154581821,4.35043708,4.73032635,4.685558305,5.182733102,6.225451787,6.926517401,7.658720444,7.711733878,7.868399505,8.026939357,10.37002264,12.10964666,13.60836661,12.88096874,13.48049849,10.8742145,11.69607839,11.8639646,12.33527824,12.27355723,11.6870933,11.35779871,11.25295204,11.11003675,12.10627474,..
